date,tenor,high_yield,when_issued_yield,bid_to_cover,indirect_pct,direct_pct,dealer_pct
2026-01-10,10Y,4.005,4.000,2.60,70,15,15
2026-02-10,10Y,4.106,4.100,2.55,68,16,16
2026-03-10,10Y,4.204,4.200,2.58,69,16,15
2026-04-10,10Y,4.455,4.420,2.05,54,14,32
2026-01-05,5Y,4.002,4.000,2.45,66,17,17
2026-02-05,5Y,4.101,4.100,2.50,67,17,16
2026-03-05,5Y,4.201,4.200,2.48,66.5,17,16.5
2026-04-05,5Y,4.302,4.300,2.47,66,18,16
2026-01-15,30Y,4.505,4.500,2.35,64,15,21
2026-02-15,30Y,4.606,4.600,2.31,62,16,22
2026-03-15,30Y,4.701,4.700,2.38,65,15,20
2026-04-15,30Y,4.735,4.740,2.55,70,17,13
